{
  "parameters": {
    "edge_path": "../input/cora_edges.csv",
    "features_path": "../input/cora_features.json",
    "target_path": "../input/cora_target.csv",
    "log_path": "../logs/cora_logs.json",
    "epochs": 50,
    "filters": 32,
    "approximation_order": 3,
    "test_size": 0.2,
    "dropout": 0.5,
    "seed": 42,
    "tolerance": 0.0001,
    "scale": 1.0,
    "learning_rate": 0.01,
    "weight_decay": 1e-5
  },
  "performance": [
    ["Epoch", "Loss"],
    [0, 1.9603],
    [1, 1.8278],
    [2, 1.7065],
    [3, 1.5678],
    [4, 1.428],
    [5, 1.2968],
    [6, 1.1729],
    [7, 1.0489],
    [8, 0.9528],
    [9, 0.8437],
    [10, 0.7495],
    [11, 0.6687],
    [12, 0.6057],
    [13, 0.548],
    [14, 0.4819],
    [15, 0.439],
    [16, 0.4055],
    [17, 0.3575],
    [18, 0.336],
    [19, 0.3037],
    [20, 0.28],
    [21, 0.2504],
    [22, 0.2337],
    [23, 0.2123],
    [24, 0.1928],
    [25, 0.1833],
    [26, 0.1575],
    [27, 0.1497],
    [28, 0.1355],
    [29, 0.1269],
    [30, 0.1176],
    [31, 0.1085],
    [32, 0.1032],
    [33, 0.0941],
    [34, 0.0864],
    [35, 0.0813],
    [36, 0.0769],
    [37, 0.0708],
    [38, 0.0683],
    [39, 0.0624],
    [40, 0.0595],
    [41, 0.0562],
    [42, 0.0568],
    [43, 0.0494],
    [44, 0.0436],
    [45, 0.0456],
    [46, 0.0419],
    [47, 0.0427],
    [48, 0.0385],
    [49, 0.0356]
  ],
  "training_time": [
    ["Epoch", "Seconds"],
    [0, 13.177469730377197],
    [1, 14.215731859207153],
    [2, 14.255430936813354],
    [3, 15.409006357192993],
    [4, 14.579473972320557],
    [5, 13.982194900512695],
    [6, 14.365301370620728],
    [7, 16.24960160255432],
    [8, 15.966588973999023],
    [9, 26.55363368988037],
    [10, 28.663083791732788],
    [11, 29.120829105377197],
    [12, 24.0411696434021],
    [13, 14.382835388183594],
    [14, 13.837944984436035],
    [15, 13.176658868789673],
    [16, 14.878617525100708],
    [17, 15.420884847640991],
    [18, 14.595651388168335],
    [19, 13.078028202056885],
    [20, 14.141016483306885],
    [21, 14.960092782974243],
    [22, 15.892026901245117],
    [23, 14.55780553817749],
    [24, 14.843488931655884],
    [25, 14.952723741531372],
    [26, 18.386667728424072],
    [27, 19.049641847610474],
    [28, 14.201571226119995],
    [29, 13.772098064422607],
    [30, 13.17555546760559],
    [31, 12.570555686950684],
    [32, 14.558465003967285],
    [33, 12.539443969726562],
    [34, 12.289060354232788],
    [35, 14.041608095169067],
    [36, 16.830122470855713],
    [37, 23.30209732055664],
    [38, 16.80287766456604],
    [39, 12.261375427246094],
    [40, 12.828818798065186],
    [41, 15.335585832595825],
    [42, 24.810840606689453],
    [43, 28.21065855026245],
    [44, 16.41356062889099],
    [45, 22.218929052352905],
    [46, 20.09019112586975],
    [47, 17.40391492843628],
    [48, 20.11462903022766],
    [49, 16.824438095092773]
  ],
  "accuracy": 0.6913123844731978
}
