{
  "parameters": {
    "edge_path": "../input/cora_edges.csv",
    "features_path": "../input/cora_features.json",
    "target_path": "../input/cora_target.csv",
    "log_path": "../logs/cora_logs.json",
    "epochs": 100,
    "filters": 32,
    "approximation_order": 3,
    "test_size": 0.2,
    "dropout": 0.5,
    "seed": 42,
    "tolerance": 0.0001,
    "scale": 1.0,
    "learning_rate": 0.01,
    "weight_decay": 1e-5
  },
  "performance": [
    ["Epoch", "Loss"],
    [0, 1.96],
    [1, 1.8368],
    [2, 1.7236],
    [3, 1.5948],
    [4, 1.4621],
    [5, 1.3188],
    [6, 1.1768],
    [7, 1.0504],
    [8, 0.936],
    [9, 0.8333],
    [10, 0.752],
    [11, 0.676],
    [12, 0.6009],
    [13, 0.555],
    [14, 0.4931],
    [15, 0.4512],
    [16, 0.4122],
    [17, 0.3855],
    [18, 0.3466],
    [19, 0.315],
    [20, 0.2832],
    [21, 0.2593],
    [22, 0.2344],
    [23, 0.2236],
    [24, 0.2016],
    [25, 0.1832],
    [26, 0.1573],
    [27, 0.1466],
    [28, 0.146],
    [29, 0.1218],
    [30, 0.1204],
    [31, 0.1069],
    [32, 0.0963],
    [33, 0.0909],
    [34, 0.0873],
    [35, 0.0812],
    [36, 0.0771],
    [37, 0.077],
    [38, 0.0642],
    [39, 0.0567],
    [40, 0.0566],
    [41, 0.0544],
    [42, 0.0479],
    [43, 0.0451],
    [44, 0.0417],
    [45, 0.0402],
    [46, 0.0381],
    [47, 0.038],
    [48, 0.0359],
    [49, 0.0319],
    [50, 0.0323],
    [51, 0.0281],
    [52, 0.0324],
    [53, 0.0284],
    [54, 0.0245],
    [55, 0.025],
    [56, 0.0254],
    [57, 0.0209],
    [58, 0.0207],
    [59, 0.0225],
    [60, 0.0203],
    [61, 0.021],
    [62, 0.0198],
    [63, 0.0223],
    [64, 0.0178],
    [65, 0.0169],
    [66, 0.017],
    [67, 0.017],
    [68, 0.0154],
    [69, 0.0137],
    [70, 0.0164],
    [71, 0.0145],
    [72, 0.0142],
    [73, 0.0134],
    [74, 0.012],
    [75, 0.0128],
    [76, 0.0147],
    [77, 0.0136],
    [78, 0.0119],
    [79, 0.0133],
    [80, 0.0119],
    [81, 0.0127],
    [82, 0.0109],
    [83, 0.0092],
    [84, 0.0092],
    [85, 0.01],
    [86, 0.0108],
    [87, 0.0094],
    [88, 0.0098],
    [89, 0.0092],
    [90, 0.0096],
    [91, 0.0093],
    [92, 0.0079],
    [93, 0.0086],
    [94, 0.0086],
    [95, 0.0084],
    [96, 0.0079],
    [97, 0.0082],
    [98, 0.0087],
    [99, 0.0074]
  ],
  "training_time": [
    ["Epoch", "Seconds"],
    [0, 13.1901113986969],
    [1, 16.100269079208374],
    [2, 16.09290385246277],
    [3, 18.058471202850342],
    [4, 15.195820331573486],
    [5, 19.396093130111694],
    [6, 14.330329656600952],
    [7, 20.322677612304688],
    [8, 16.08304476737976],
    [9, 18.118192672729492],
    [10, 26.404733419418335],
    [11, 24.089873790740967],
    [12, 24.777564764022827],
    [13, 31.802215337753296],
    [14, 24.138023138046265],
    [15, 12.784472703933716],
    [16, 13.69567060470581],
    [17, 12.367844581604004],
    [18, 13.773744821548462],
    [19, 12.595749855041504],
    [20, 12.255686044692993],
    [21, 13.409398555755615],
    [22, 12.5841543674469],
    [23, 15.119035005569458],
    [24, 14.077674865722656],
    [25, 13.368412256240845],
    [26, 13.977217435836792],
    [27, 14.179660320281982],
    [28, 13.73160195350647],
    [29, 13.614574193954468],
    [30, 15.450404405593872],
    [31, 14.189954042434692],
    [32, 13.8320791721344],
    [33, 13.845350980758667],
    [34, 13.295045137405396],
    [35, 12.867110013961792],
    [36, 12.804672002792358],
    [37, 12.522553205490112],
    [38, 12.701509714126587],
    [39, 12.641901969909668],
    [40, 12.45110297203064],
    [41, 12.266431331634521],
    [42, 12.874887704849243],
    [43, 12.889328479766846],
    [44, 12.23839807510376],
    [45, 12.636779308319092],
    [46, 12.35746431350708],
    [47, 13.87891173362732],
    [48, 12.512091159820557],
    [49, 12.279110193252563],
    [50, 14.909391641616821],
    [51, 13.275127649307251],
    [52, 12.92156434059143],
    [53, 14.822526693344116],
    [54, 13.434134483337402],
    [55, 13.538356065750122],
    [56, 15.941378831863403],
    [57, 13.038386583328247],
    [58, 12.705097436904907],
    [59, 13.016843557357788],
    [60, 13.832246780395508],
    [61, 13.396048545837402],
    [62, 15.119029521942139],
    [63, 15.742751836776733],
    [64, 15.792779922485352],
    [65, 13.194151401519775],
    [66, 13.27101182937622],
    [67, 13.59557032585144],
    [68, 15.205495357513428],
    [69, 15.496255874633789],
    [70, 17.45755696296692],
    [71, 14.573813438415527],
    [72, 15.7290780544281],
    [73, 13.158697605133057],
    [74, 12.7948157787323],
    [75, 14.014858722686768],
    [76, 14.26203966140747],
    [77, 12.821847677230835],
    [78, 15.22017216682434],
    [79, 12.91596508026123],
    [80, 15.168716192245483],
    [81, 15.161076307296753],
    [82, 14.174931526184082],
    [83, 12.25084924697876],
    [84, 17.90632653236389],
    [85, 18.14097785949707],
    [86, 15.09940242767334],
    [87, 14.932952404022217],
    [88, 14.345427989959717],
    [89, 13.635204553604126],
    [90, 16.597516536712646],
    [91, 15.900762557983398],
    [92, 13.644621133804321],
    [93, 13.415724515914917],
    [94, 14.097989320755005],
    [95, 15.57328200340271],
    [96, 13.409497261047363],
    [97, 14.534480810165405],
    [98, 15.957152843475342],
    [99, 16.664429426193237]
  ],
  "accuracy": 0.6155268022181146
}
