{
  "parameters": {
    "edge_path": "../input/cora_edges.csv",
    "features_path": "../input/cora_features.json",
    "target_path": "../input/cora_target.csv",
    "log_path": "../logs/cora_logs.json",
    "epochs": 25,
    "filters": 32,
    "approximation_order": 3,
    "test_size": 0.2,
    "dropout": 0.5,
    "seed": 42,
    "tolerance": 0.0001,
    "scale": 1.0,
    "learning_rate": 0.01,
    "weight_decay": 1e-5
  },
  "performance": [
    ["Epoch", "Loss"],
    [0, 1.9449],
    [1, 1.8342],
    [2, 1.7071],
    [3, 1.5688],
    [4, 1.4205],
    [5, 1.2787],
    [6, 1.1525],
    [7, 1.0299],
    [8, 0.923],
    [9, 0.8211],
    [10, 0.731],
    [11, 0.6542],
    [12, 0.5889],
    [13, 0.5263],
    [14, 0.4708],
    [15, 0.4273],
    [16, 0.3729],
    [17, 0.3415],
    [18, 0.3037],
    [19, 0.2739],
    [20, 0.2482],
    [21, 0.2391],
    [22, 0.218],
    [23, 0.1989],
    [24, 0.1829]
  ],
  "training_time": [
    ["Epoch", "Seconds"],
    [0, 15.270886421203613],
    [1, 14.619157552719116],
    [2, 14.904898166656494],
    [3, 14.47996711730957],
    [4, 14.073463678359985],
    [5, 18.950921773910522],
    [6, 15.99232816696167],
    [7, 14.58791732788086],
    [8, 14.605183601379395],
    [9, 13.833380937576294],
    [10, 14.619526386260986],
    [11, 14.382854700088501],
    [12, 14.584386348724365],
    [13, 14.53877305984497],
    [14, 13.381447792053223],
    [15, 13.296485424041748],
    [16, 13.515678882598877],
    [17, 13.499567985534668],
    [18, 13.035061359405518],
    [19, 16.28844141960144],
    [20, 13.686068534851074],
    [21, 16.812086582183838],
    [22, 15.80234432220459],
    [23, 15.791140079498291],
    [24, 17.52535629272461]
  ],
  "accuracy": 0.722735674676525
}
