{
  "parameters": {
    "edge_path": "../input/cora_edges.csv",
    "features_path": "../input/cora_features.json",
    "target_path": "../input/cora_target.csv",
    "log_path": "../logs/cora_logs.json",
    "epochs": 40,
    "filters": 32,
    "approximation_order": 3,
    "test_size": 0.2,
    "dropout": 0.5,
    "seed": 42,
    "tolerance": 0.0001,
    "scale": 1.0,
    "learning_rate": 0.01,
    "weight_decay": 1e-5
  },
  "performance": [
    ["Epoch", "Loss"],
    [0, 1.9648],
    [1, 1.8402],
    [2, 1.7403],
    [3, 1.628],
    [4, 1.5112],
    [5, 1.384],
    [6, 1.2613],
    [7, 1.1431],
    [8, 1.0311],
    [9, 0.9266],
    [10, 0.8319],
    [11, 0.7373],
    [12, 0.6733],
    [13, 0.6145],
    [14, 0.5445],
    [15, 0.4958],
    [16, 0.445],
    [17, 0.4032],
    [18, 0.3619],
    [19, 0.3358],
    [20, 0.3074],
    [21, 0.2655],
    [22, 0.252],
    [23, 0.2182],
    [24, 0.2157],
    [25, 0.1999],
    [26, 0.1738],
    [27, 0.1625],
    [28, 0.1526],
    [29, 0.138],
    [30, 0.1239],
    [31, 0.1121],
    [32, 0.1077],
    [33, 0.1001],
    [34, 0.0897],
    [35, 0.0838],
    [36, 0.0822],
    [37, 0.0739],
    [38, 0.0691],
    [39, 0.0647]
  ],
  "training_time": [
    ["Epoch", "Seconds"],
    [0, 12.075300216674805],
    [1, 11.946080684661865],
    [2, 12.02358865737915],
    [3, 11.997305154800415],
    [4, 11.933694124221802],
    [5, 11.952160120010376],
    [6, 12.103847980499268],
    [7, 11.847153186798096],
    [8, 12.280170679092407],
    [9, 12.051322221755981],
    [10, 12.250293970108032],
    [11, 11.884820461273193],
    [12, 11.921173572540283],
    [13, 11.891055583953857],
    [14, 12.031791687011719],
    [15, 12.158451795578003],
    [16, 11.948357105255127],
    [17, 11.92466688156128],
    [18, 11.817456007003784],
    [19, 11.925069332122803],
    [20, 12.050613403320312],
    [21, 12.172991037368774],
    [22, 11.933692932128906],
    [23, 11.902576684951782],
    [24, 12.107862949371338],
    [25, 11.833648920059204],
    [26, 11.926403284072876],
    [27, 12.267243146896362],
    [28, 11.899258136749268],
    [29, 12.179951429367065],
    [30, 11.942341327667236],
    [31, 11.962903499603271],
    [32, 11.928640127182007],
    [33, 11.746122598648071],
    [34, 12.011885404586792],
    [35, 11.988399267196655],
    [36, 11.966827869415283],
    [37, 12.086849212646484],
    [38, 11.74318528175354],
    [39, 12.033566951751709]
  ],
  "accuracy": 0.7319778188539742
}
